{"name":"build-javascript","namedChunkGroups":{"app":{"name":"app","assets":[{"name":"webpack-runtime-c6a1ef4f48a22e79042e.js","size":3601},{"name":"framework-d4c892c1010e078bd954.js","size":140767},{"name":"styles.0ea2b8c2ea98326e4818.css","size":11478},{"name":"app-631e49a26fa7fd478dbb.js","size":68005}],"filteredAssets":0,"assetsSize":223851,"filteredAuxiliaryAssets":3,"auxiliaryAssetsSize":608487},"component---src-pages-404-js":{"name":"component---src-pages-404-js","assets":[{"name":"component---src-pages-404-js-990faff0b4ed262a8a17.js","size":738}],"filteredAssets":0,"assetsSize":738,"filteredAuxiliaryAssets":1,"auxiliaryAssetsSize":1503},"component---src-pages-index-js":{"name":"component---src-pages-index-js","assets":[{"name":"component---src-pages-index-js-9a8d042380ca0265a58d.js","size":13566}],"filteredAssets":0,"assetsSize":13566,"filteredAuxiliaryAssets":1,"auxiliaryAssetsSize":21198}},"assetsByChunkName":{"app":["webpack-runtime-c6a1ef4f48a22e79042e.js","framework-d4c892c1010e078bd954.js","styles.0ea2b8c2ea98326e4818.css","app-631e49a26fa7fd478dbb.js"],"component---src-pages-404-js":["component---src-pages-404-js-990faff0b4ed262a8a17.js"],"component---src-pages-index-js":["component---src-pages-index-js-9a8d042380ca0265a58d.js"]},"childAssetsByChunkName":{}}